"Title","Average_2014","Total_2014","Average_2015","Total_2015","Average_2016","Total_2016","Average_2017","Total_2017","Average_2018","Total_2018","Average_2019","Total_2019","Average_2020","Total_2020"
"12 MONTH SPECIAL EDUCATION ASST. PRINCIPAL",NA,NA,NA,NA,NA,NA,NA,NA,NA,NA,"$0.00","$0","$0.00","$0"
"ACCOUNTANT","$1,035.74","$227,862","$1,440.58","$350,060","$1,341.11","$347,348","$1,244.42","$338,483","$842.57","$248,559","$997.44","$279,283","$838.21","$207,038"
"ADM MANAGER-NON-MGRL",NA,NA,"$2,492.35","$2,454,963","$2,976.54","$2,360,393","$3,084.89","$3,189,773",NA,NA,NA,NA,"$2,587.10","$2,799,243"
"ADM MANAGER-NON-MGRL FROM M1/M2","$2,458.72","$1,932,555",NA,NA,NA,NA,NA,NA,"$2,807.05","$3,160,741","$2,820.91","$3,176,346",NA,NA
"ADMIN COMMUNITY RELATIONS SPECIALIST",NA,NA,NA,NA,NA,NA,"$3,467.00","$897,954","$3,081.22","$1,059,939","$2,781.65","$1,018,083","$2,398.06","$796,155"
"ADMINISTRATIVE DIRECTOR OF SOCIAL SERVICES","$227.27","$86,136","$186.01","$77,007","$137.76","$68,465","$140.91","$88,349","$399.41","$190,919","$956.70","$459,214","$1,416.05","$691,034"
"ADMINISTRATIVE EDUCATION ANALYST","$18.59","$5,707","$92.41","$28,740","$14.29","$4,945","$9.90","$3,247","$134.08","$44,783","$384.49","$134,954","$397.56","$136,759"
"ADMINISTRATIVE EDUCATION OFFICER","$8.31","$2,143","$389.43","$114,102","$11.37","$4,663","$7.10","$3,016","$201.32","$90,996","$466.46","$211,773","$321.64","$141,200"
"ADMINISTRATIVE ENGINEER","$243.47","$69,390","$99.06","$27,836","$757.02","$221,808","$1,781.69","$514,908","$2,278.57","$763,319","$1,949.29","$729,036","$1,231.78","$449,600"
"ADMINISTRATIVE PROCUREMENT ANALYST",NA,NA,NA,NA,NA,NA,NA,NA,NA,NA,"$2,252.15","$578,803",NA,NA
"ADMINISTRATIVE PROCUREMENT ANALYST-NON-MGRL",NA,NA,NA,NA,NA,NA,NA,NA,NA,NA,NA,NA,"$2,125.11","$454,774"
"ADMINISTRATIVE PROJECT MANAGER","$318.60","$75,509","$335.59","$84,232","$1,120.51","$322,706","$2,644.64","$838,352","$1,753.10","$594,300","$1,864.16","$656,186","$2,235.23","$943,267"
"ADMINISTRATIVE STAFF ANALYST","$1,225.18","$2,980,862","$1,488.14","$3,549,215","$1,919.36","$3,848,318","$1,994.59","$3,807,673","$1,731.88","$3,214,377","$1,444.02","$2,596,340","$1,169.71","$2,055,189"
"AGENCY ATTORNEY","$1,101.32","$839,202","$1,053.16","$830,947","$988.20","$837,991","$1,052.39","$976,618","$1,209.59","$1,141,857","$2,351.45","$2,205,664","$1,667.73","$1,694,416"
"ANNUAL ED PARA","$72.85","$1,207,329","$68.25","$1,210,594","$71.90","$1,376,000","$75.48","$1,504,054","$78.87","$1,579,509","$87.52","$1,764,835","$0.00","$0"
"ASSISTANT CIVIL ENGINEER",NA,NA,NA,NA,NA,NA,"$4,307.16","$969,112","$3,865.07","$1,028,109","$3,780.51","$967,810","$3,454.03","$811,696"
"ASSISTANT CORPORATION COUNSEL","$0.00","$0","$0.00","$0","$0.00","$0","$0.00","$0","$0.00","$0","$1.10","$939","$0.00","$0"
"ASSISTANT DISTRICT ATTORNEY","$0.00","$0","$1.62","$2,702","$1.09","$1,833","$0.42","$738","$0.09","$163","$0.94","$1,722","$0.77","$1,382"
"ASSISTANT PRINCIPAL","$0.00","$0","$0.00","$0","$0.00","$0","$0.00","$0","$0.00","$0","$0.00","$0","$0.00","$0"
"ASSISTANT PROFESSOR","$0.00","$0","$0.00","$0","$0.00","$0","$0.00","$0","$0.00","$0","$0.00","$0","$0.00","$0"
"ASSISTANT RESIDENT BUILDING SUPT","$17,203.39","$3,457,882",NA,NA,NA,NA,NA,NA,NA,NA,NA,NA,NA,NA
"ASSISTANT TO HEO","$211.45","$47,366","$105.78","$26,232","$96.62","$29,083","$84.66","$26,754","$36.68","$12,067","$84.77","$28,228","$59.54","$18,459"
"ASSOCIATE FRAUD INVESTIGATOR","$2,152.39","$609,126","$3,041.69","$842,548","$3,268.87","$879,327","$3,604.02","$922,629","$3,260.69","$841,259","$2,776.95","$710,900","$3,629.55","$907,388"
"ASSOCIATE INSPECTOR","$15,834.69","$3,816,160","$14,701.26","$3,763,523","$17,823.92","$4,349,037","$16,782.50","$4,195,625","$15,914.07","$3,692,064","$15,688.26","$3,890,690",NA,NA
"ASSOCIATE JOB OPPORTUNITY SPECIALIST","$5,491.29","$3,360,667","$6,746.72","$4,196,458","$7,455.00","$4,726,471","$7,865.96","$4,861,161","$7,848.90","$4,866,317","$8,502.06","$5,262,777","$9,862.70","$5,789,405"
"ASSOCIATE PARK SERVICE WORKER","$4,916.40","$1,258,599","$4,470.89","$1,260,792","$5,488.54","$1,427,022","$5,633.68","$1,363,350","$6,106.56","$1,428,934","$6,088.94","$1,370,010","$5,469.93","$1,646,448"
"ASSOCIATE PROFESSOR","$0.00","$0","$0.00","$0","$0.00","$0","$0.00","$0","$0.00","$0","$0.00","$0","$0.00","$0"
"ASSOCIATE PROJECT MANAGER","$4,750.20","$1,923,830","$4,616.67","$2,114,437","$4,457.14","$2,059,198","$4,356.96","$1,960,633","$3,356.28","$1,510,328","$3,050.72","$1,153,172","$1,971.84","$609,299"
"ASSOCIATE RETIREMENT BENEFITS EXAMINER",NA,NA,"$3,504.70","$718,463","$3,345.44","$692,506","$3,920.12","$807,545","$2,153.94","$463,098","$3,517.77","$770,392",NA,NA
"ASSOCIATE STAFF ANALYST","$1,946.42","$1,808,227","$2,152.95","$1,892,446","$2,126.27","$1,752,049","$2,452.41","$1,415,043","$2,207.70","$1,269,429","$2,184.25","$1,286,525","$1,734.08","$974,556"
"ASSOCIATE TRAFFIC ENFORCEMENT AGENT","$15,027.21","$4,643,407","$16,891.41","$5,354,577","$18,748.00","$5,774,385","$21,036.76","$7,026,279","$18,392.80","$5,904,088","$17,147.12","$5,195,578","$17,854.02","$4,927,710"
"BATTALION CHIEF","$4,805.48","$1,782,833","$305.49","$102,338","$4,333.77","$1,529,821","$2,153.78","$777,514","$1,321.40","$469,099","$4,180.38","$1,513,299","$3,501.74","$1,257,125"
"BOOKKEEPER","$1,583.89","$362,710","$1,824.38","$405,013","$1,782.13","$359,990",NA,NA,NA,NA,NA,NA,NA,NA
"BUDGET ANALYST","$1,468.08","$386,105","$1,725.77","$469,411","$1,454.67","$418,946","$1,553.84","$494,120","$1,413.02","$459,231","$1,596.77","$533,321","$877.61","$301,021"
"CALL CENTER REPRESENTATIVE",NA,NA,NA,NA,NA,NA,NA,NA,NA,NA,"$580.14","$118,929","$792.45","$173,548"
"CAPTAIN","$25,196.13","$42,757,838","$23,242.02","$39,418,468","$34,056.21","$52,310,341","$37,285.52","$60,327,974","$32,622.37","$51,575,962","$30,521.78","$49,292,671","$29,910.24","$47,317,998"
"CARETAKER","$8,965.09","$24,134,010","$7,362.86","$19,504,216","$8,138.00","$20,890,245","$7,533.76","$20,348,699","$7,660.22","$20,613,665","$7,043.80","$19,454,979","$6,941.26","$19,754,813"
"CASEWORKER","$858.62","$1,070,694","$1,001.00","$1,254,257","$1,107.06","$1,327,365","$1,464.02","$1,729,010","$1,380.27","$1,588,690","$1,503.91","$1,672,344","$1,198.03","$1,251,938"
"CERTIFIED IT ADMINISTRATOR",NA,NA,NA,NA,NA,NA,"$6,543.05","$1,707,736","$5,862.53","$1,881,873","$5,872.38","$2,072,948","$7,750.13","$2,650,545"
"CHILD PROTECTIVE SPECIALIST","$5,638.46","$7,769,797","$6,683.80","$10,052,438","$7,586.21","$10,780,008","$10,705.00","$16,036,096","$11,148.72","$18,518,022","$10,326.42","$17,276,104","$6,125.43","$10,376,471"
"CHILD PROTECTIVE SPECIALIST SUPERVISOR","$10,051.93","$4,151,446","$12,639.10","$5,017,721","$13,722.79","$5,283,275","$21,917.26","$8,766,906","$23,476.28","$9,766,131","$20,923.86","$9,687,745","$11,767.65","$5,342,512"
"CITY CUSTODIAL ASSISTANT","$5,087.27","$3,001,490","$5,481.90","$3,195,948",NA,NA,"$6,485.47","$4,209,069","$6,196.62","$3,897,672","$6,072.26","$4,025,907","$5,426.07","$3,700,577"
"CITY OF NEW YORK (ALL AGENCIES / TITLES)","$5,658.24","$1,202,149,635","$6,251.72","$1,356,910,853","$6,423.53","$1,430,249,346","$6,408.17","$1,464,830,652","$5,881.81","$1,351,516,895","$5,585.51","$1,291,811,045","$5,780.86","$1,329,250,245"
"CITY PARK WORKER","$1,975.32","$1,040,995","$2,080.14","$1,056,712","$2,612.29","$1,340,107","$2,399.23","$1,182,818","$2,639.59","$1,319,794","$2,847.43","$1,355,378","$2,524.37","$1,451,514"
"CITY PLANNER","$1,386.46","$281,450","$1,473.86","$350,778","$1,705.55","$511,665","$1,854.33","$385,700",NA,NA,"$1,619.50","$348,192",NA,NA
"CITY RESEARCH SCIENTIST","$541.17","$209,431","$1,225.11","$523,123","$1,209.38","$625,250","$630.85","$408,794","$475.49","$346,154","$461.17","$346,339","$2,462.07","$2,070,602"
"CITY TAX AUDITOR","$30.48","$7,224","$33.51","$8,043","$229.86","$54,476","$752.77","$191,955","$500.16","$131,541","$697.09","$184,729","$393.09","$108,099"
"CLERICAL ASSOCIATE",NA,NA,"$1,624.60","$5,950,909","$1,700.04","$6,099,737","$1,807.04","$6,183,689","$1,803.34","$5,520,013","$1,933.73","$5,810,844","$1,651.99","$5,136,049"
"CLERICAL ASSOCIATE MOST MAYORAL AG","$1,516.70","$5,422,217",NA,NA,NA,NA,NA,NA,NA,NA,NA,NA,NA,NA
"COMMUNITY ASSISTANT","$1,368.54","$1,228,951","$1,578.39","$1,388,984","$1,717.29","$1,530,107","$1,787.39","$1,660,484","$2,043.49","$1,833,015","$2,063.71","$1,694,309","$1,941.23","$1,512,216"
"COMMUNITY ASSOCIATE","$1,096.40","$3,681,721","$1,126.28","$4,068,117","$1,103.62","$4,310,721","$1,193.32","$4,860,401","$1,126.85","$4,624,611","$1,192.39","$4,725,460","$1,033.62","$4,349,480"
"COMMUNITY COORDINATOR","$1,763.56","$2,551,877","$1,748.46","$2,972,377","$1,865.01","$4,216,794","$1,862.89","$5,368,836","$1,952.32","$5,999,484","$1,935.65","$6,778,659","$1,880.89","$7,243,294"
"COMPUTER AIDE-NON-SPVR","$2,271.68","$465,695",NA,NA,NA,NA,NA,NA,NA,NA,NA,NA,NA,NA
"COMPUTER ASSOCIATE","$2,695.74","$2,148,506","$3,118.98","$2,648,013","$2,988.56","$2,743,494","$3,541.92","$3,336,487","$3,540.28","$3,002,160","$3,873.74","$3,037,016","$4,766.34","$3,517,558"
"COMPUTER SPECIALIST","$2,521.99","$2,554,776","$2,805.54","$2,926,180","$3,077.04","$3,501,676","$3,125.98","$3,566,745","$2,526.74","$2,764,254","$2,301.43","$2,575,306","$2,758.46","$3,023,272"
"COMPUTER SYSTEMS MANAGER","$18.41","$15,411","$70.40","$61,248","$34.38","$31,631","$55.02","$53,808","$20.56","$20,726","$46.10","$46,695","$77.91","$74,717"
"CONSTRUCTION PROJECT MANAGER","$3,561.65","$1,481,646","$4,176.34","$1,712,301","$4,322.92","$1,794,013","$4,685.80","$1,916,492","$5,155.40","$1,974,517","$5,552.16","$2,165,343","$3,703.02","$1,496,020"
"CORRECTION OFFICER","$13,537.07","$91,266,933","$20,542.84","$134,802,100","$28,985.11","$198,663,969","$22,328.70","$180,281,916","$17,241.28","$135,568,194","$13,571.18","$100,603,146","$11,867.20","$78,762,622"
"CRIMINALIST","$7,024.61","$1,917,719","$6,487.06","$1,965,579","$6,408.19","$1,845,558","$7,585.52","$2,374,268","$6,400.89","$2,342,727","$6,690.93","$2,515,791","$6,286.39","$2,527,128"
"CUNY CUSTODIAL ASSISTANT","$2,317.46","$558,508","$3,149.70","$721,281",NA,NA,"$4,210.10","$943,062","$2,554.04","$554,227","$2,579.86","$526,292",NA,NA
"CUNY OFFICE ASSISTANT","$318.66","$104,840","$258.31","$86,277","$200.95","$63,298","$348.12","$108,612","$250.89","$78,279","$184.51","$57,566","$157.16","$46,677"
"CUSTODIAL ASSISTANT",NA,NA,NA,NA,"$4,945.72","$4,446,205",NA,NA,NA,NA,NA,NA,NA,NA
"CUSTODIAN","$10,463.39","$3,578,480","$10,125.13","$3,503,295","$11,438.48","$3,786,136","$12,755.90","$4,158,424","$11,743.48","$3,734,426","$11,603.58","$3,550,697","$12,779.90","$3,872,309"
"CUSTOMER INFORMATION REPRESENTATIVE",NA,NA,"$894.31","$256,666","$921.67","$252,538","$1,015.68","$298,609",NA,NA,NA,NA,NA,NA
"CUSTOMER INFORMATION REPRESENTATIVE MA L 1549","$882.93","$263,113",NA,NA,NA,NA,NA,NA,"$923.51","$271,511","$1,396.63","$497,199","$1,402.64","$523,185"
"DECKHAND","$16,361.73","$3,435,963",NA,NA,NA,NA,"$25,174.42","$5,135,582",NA,NA,"$23,035.85","$4,699,312","$23,335.52","$5,040,473"
"DIRECTOR OF FIELD OPERATIONS",NA,NA,NA,NA,NA,NA,NA,NA,NA,NA,"$1,088.74","$226,457","$426.61","$87,881"
"EDUCATIONAL ADMINISTRATOR",NA,NA,NA,NA,NA,NA,"$0.00","$0",NA,NA,NA,NA,NA,NA
"EDUCATIONAL ADMINISTRATOR CSA","$0.00","$0","$0.00","$0","$0.00","$0",NA,NA,"$0.00","$0","$0.00","$0","$0.00","$0"
"ELIGIBILITY SPECIALIST","$1,368.25","$2,616,103","$1,363.90","$2,645,962","$1,553.82","$2,840,384","$2,429.39","$4,197,987","$2,453.23","$4,410,901","$2,585.98","$4,484,081","$3,160.59","$5,208,652"
"EMERGENCY MEDICAL SPECIALIST-EMT","$6,813.90","$13,402,940","$7,089.06","$15,198,935","$6,615.60","$15,599,581","$6,234.46","$16,303,116","$7,122.22","$16,893,910","$8,875.21","$21,992,761","$8,750.52","$21,578,774"
"EMERGENCY MEDICAL SPECIALIST-PARAMEDIC","$11,321.92","$8,785,809","$11,712.73","$9,053,942","$13,973.66","$11,067,135","$15,325.12","$11,647,089","$17,255.52","$11,595,708","$19,713.47","$13,503,727","$18,902.64","$14,139,171"
"ENVIRONMENTAL POLICE OFFICER",NA,NA,NA,NA,NA,NA,NA,NA,NA,NA,NA,NA,"$3,347.73","$716,415"
"EXECUTIVE AGENCY COUNSEL","$86.99","$32,620","$37.27","$15,541","$11.43","$4,859","$15.54","$7,303","$20.08","$9,740","$49.44","$25,562","$106.99","$58,307"
"FIREFIGHTER","$30,639.35","$224,984,731","$30,175.53","$225,350,860","$30,403.12","$235,411,358","$23,589.00","$189,254,569","$21,984.40","$179,964,304","$20,242.04","$164,830,965","$20,742.45","$162,952,702"
"FRAUD INVESTIGATOR","$1,028.94","$640,000","$1,559.56","$902,988","$1,282.66","$672,115","$1,588.16","$806,786","$1,736.08","$895,819","$1,734.87","$867,433","$1,455.40","$684,037"
"GENERAL SUPERINTENDENT","$21,290.58","$5,088,448","$22,393.79","$5,643,236","$14,873.38","$3,614,232","$18,461.14","$4,541,440","$21,073.54","$5,415,901","$19,008.85","$4,847,258","$22,258.11","$5,853,884"
"GUIDANCE COUNSELOR","$0.00","$0","$0.00","$0","$0.00","$0","$0.00","$0","$0.00","$0","$0.00","$0","$0.00","$0"
"HEALTH SERVICES MANAGER",NA,NA,NA,NA,"$140.94","$28,329",NA,NA,"$32.59","$7,822",NA,NA,NA,NA
"HEATING PLANT TECHNICIAN","$10,478.24","$2,871,039","$3,027.88","$766,054","$4,367.71","$1,087,560","$5,007.70","$1,261,940","$10,338.76","$2,770,788","$12,673.89","$2,826,277","$17,475.48","$4,386,346"
"HIGHER EDUCATION ASSISTANT","$115.89","$38,592","$69.48","$25,151","$48.54","$19,561","$76.61","$35,085","$28.70","$14,319","$22.64","$12,046","$15.85","$8,971"
"HIGHER EDUCATION ASSOCIATE","$152.55","$36,155","$0.24","$63","$3.40","$984","$4.91","$1,434","$0.00","$0","$0.00","$0","$0.00","$0"
"HIGHER EDUCATION OFFICER",NA,NA,NA,NA,"$0.00","$0","$0.00","$0","$0.00","$0","$0.00","$0","$0.00","$0"
"HOUSING ASSISTANT","$1,117.79","$780,216","$387.38","$262,647","$605.70","$393,703","$707.07","$429,192","$676.02","$409,671","$514.52","$308,199","$1,411.15","$835,398"
"HOUSING CARETAKER",NA,NA,"$13,630.42","$2,985,063",NA,NA,NA,NA,NA,NA,NA,NA,NA,NA
"INSPECTOR","$3,246.80","$1,327,941","$3,194.78","$1,332,223","$3,336.90","$1,615,061","$3,875.89","$2,092,980","$4,420.68","$2,506,523","$3,213.85","$1,999,015","$1,625.19","$554,189"
"INSPECTOR CONSTRUCTION",NA,NA,NA,NA,NA,NA,NA,NA,NA,NA,NA,NA,"$11,651.91","$3,390,707"
"INVESTIGATOR","$3,481.37","$751,977","$3,379.54","$736,739","$4,012.22","$902,750","$5,467.34","$1,186,413","$4,877.88","$1,190,203","$6,333.87","$1,748,147","$5,162.62","$1,646,875"
"JOB OPPORTUNITY SPECIALIST","$3,133.51","$3,324,656","$3,381.11","$3,617,786","$3,764.39","$4,106,945","$4,416.27","$4,491,342","$4,643.33","$4,392,595","$5,341.01","$4,523,836","$6,382.10","$5,507,751"
"JUVENILE COUNSELOR","$14,313.60","$3,335,070","$13,901.24","$2,821,951",NA,NA,NA,NA,NA,NA,NA,NA,NA,NA
"LECTURER","$0.00","$0","$0.00","$0","$0.00","$0","$0.00","$0","$0.00","$0","$0.00","$0","$0.00","$0"
"LIEUTENANT","$27,112.50","$80,144,547","$26,637.56","$78,714,003","$29,487.33","$79,792,702","$32,707.32","$90,501,166","$28,896.20","$80,851,581","$30,051.04","$81,708,791","$30,423.53","$83,177,931"
"MOTOR VEHICLE OPERATOR","$6,479.63","$1,691,183","$8,497.28","$2,064,840","$9,083.35","$2,180,004","$10,589.37","$2,530,860","$10,476.49","$2,283,875","$9,290.43","$2,090,348","$8,700.96","$1,888,108"
"OCCUPATIONAL THERAPIST",NA,NA,"$85.66","$102,366","$92.07","$118,220","$87.78","$122,888","$109.11","$159,959","$166.52","$262,606","$151.03","$254,493"
"P.O. DA DET GR3","$26,332.57","$67,832,688","$29,533.19","$80,389,351","$31,124.25","$83,537,480","$31,828.83","$86,638,071","$29,365.74","$85,366,192","$29,008.50","$88,359,901","$32,006.24","$98,067,118"
"P.O. DET SPEC","$21,262.29","$12,714,852","$26,741.59","$18,264,507","$27,116.84","$20,310,511","$27,425.30","$23,311,504","$25,721.88","$21,863,597","$25,204.99","$22,382,030","$26,892.99","$22,428,751"
"PARALEGAL AIDE","$2,168.19","$576,738","$1,297.76","$320,547","$1,392.46","$330,013","$1,313.42","$325,729","$1,002.70","$232,627","$1,451.46","$429,632","$1,329.14","$414,691"
"PARK SUPERVISOR","$5,402.79","$1,972,018","$5,122.55","$1,961,936","$6,458.16","$2,628,470","$6,674.45","$2,743,200","$7,826.82","$2,989,843","$7,846.17","$3,193,393","$8,226.36","$2,196,437"
"PHYSICAL THERAPIST",NA,NA,"$45.02","$22,646","$38.29","$19,717","$42.33","$22,477","$61.47","$32,641","$103.34","$56,838","$85.20","$47,118"
"POLICE ADMINISTRATIVE AIDE","$947.13","$1,088,247","$1,081.01","$1,292,891","$1,158.70","$1,334,827","$1,145.58","$1,375,836","$1,095.40","$1,165,509","$1,255.34","$1,246,556","$1,092.70","$1,206,337"
"POLICE COMMUNICATIONS TECHNICIAN","$5,811.94","$5,544,592","$3,982.77","$3,747,782","$4,580.34","$3,893,286","$4,915.80","$4,704,418","$4,779.33","$4,569,037","$5,184.83","$5,236,675","$4,455.03","$4,731,245"
"POLICE OFFICER","$11,053.17","$219,880,734","$14,427.14","$285,412,156","$13,002.51","$272,415,671","$13,621.27","$284,357,715","$11,344.27","$237,957,474","$11,310.80","$234,563,316","$13,982.57","$282,741,609"
"POLICE OFFICER D/A DETECTIVE 1ST GR","$35,851.79","$12,010,349","$40,439.35","$14,315,531","$41,521.34","$15,072,245","$41,705.41","$14,680,305","$40,346.72","$14,081,004","$40,004.62","$13,121,514","$43,975.82","$13,500,577"
"POLICE OFFICER D/A DETECTIVE 2ND GR","$32,348.83","$30,666,689","$36,626.42","$33,256,793","$36,726.27","$33,163,825","$37,294.61","$34,012,686","$34,969.38","$29,863,848","$34,587.07","$26,389,933","$37,472.32","$25,331,290"
"PRINCIPAL","$0.00","$0","$0.00","$0","$0.00","$0","$0.00","$0","$0.00","$0","$0.00","$0","$0.00","$0"
"PRINCIPAL ADMINISTRATIVE ASSOCIATE",NA,NA,"$2,055.29","$7,355,868","$2,297.46","$8,004,339","$2,613.85","$8,683,214",NA,NA,NA,NA,NA,NA
"PRINCIPAL ADMINISTRATIVE ASSOCIATE -  NON SUPVR",NA,NA,NA,NA,NA,NA,NA,NA,NA,NA,NA,NA,"$2,986.60","$9,694,506"
"PRINCIPAL ADMINISTRATIVE ASSOCIATE - LEV 1 & 2 NON SUPVR","$1,749.51","$6,420,706",NA,NA,NA,NA,NA,NA,"$2,629.21","$8,650,109","$2,743.48","$8,984,881",NA,NA
"PROBATION OFFICER","$532.01","$227,700","$573.59","$243,202","$531.03","$223,566","$1,347.23","$603,557","$1,506.17","$718,445","$3,145.35","$1,600,981","$2,658.50","$1,297,350"
"PROCUREMENT ANALYST","$1,467.01","$578,002","$1,802.47","$659,705","$2,027.03","$851,353","$2,257.52","$939,127","$1,612.61","$609,566","$1,351.45","$400,028","$1,397.88","$455,708"
"PROFESSOR","$0.00","$0","$0.00","$0","$0.00","$0","$0.00","$0","$0.00","$0","$0.00","$0","$0.00","$0"
"PUBLIC HEALTH ADVISER","$388.01","$79,541",NA,NA,NA,NA,NA,NA,NA,NA,NA,NA,NA,NA
"PUBLIC HEALTH SANITARIAN",NA,NA,NA,NA,NA,NA,NA,NA,"$2,052.75","$418,761","$1,633.40","$365,882","$1,238.38","$266,251"
"SANITATION WORKER","$15,405.59","$88,659,183","$15,222.47","$89,036,206","$12,227.03","$71,846,028","$14,973.82","$88,869,635","$18,239.13","$108,541,078","$13,820.53","$85,797,879","$15,521.47","$94,618,897"
"SCHOOL FOOD SERVICE MANAGER","$547.54","$170,284","$555.39","$178,834","$701.34","$227,234","$699.34","$217,494","$770.24","$239,543","$632.61","$198,641","$562.09","$166,378"
"SCHOOL PSYCHOLGIST","$0.00","$0","$0.00","$0","$0.00","$0","$0.00","$0","$0.00","$0","$0.00","$0","$0.00","$0"
"SCHOOL SAFETY AGENT","$8,519.98","$34,557,053","$9,609.33","$38,379,655","$9,824.41","$38,472,409","$10,801.66","$42,655,751","$10,437.47","$42,365,693","$10,683.95","$43,750,760","$8,943.02","$35,781,026"
"SCHOOL SECRETARY","$0.00","$0","-$0.03","-$78","$0.00","$0","$0.00","$0","$0.00","$0","$0.00","$0","$0.00","$0"
"SCHOOL SOCIAL WORKER","$0.00","$0","$0.00","$0","$0.00","$0","$0.00","$0","$0.00","$0","$0.00","$0","$0.00","$0"
"SECRETARY","$640.70","$590,083","$670.08","$574,261","$814.89","$648,649","$880.00","$637,118","$799.69","$522,196","$851.39","$524,456","$875.95","$503,669"
"SENIOR OCCUPATIONAL THERAPIST","$214.81","$196,554",NA,NA,NA,NA,NA,NA,NA,NA,NA,NA,NA,NA
"SENIOR PHYSICAL THERAPIST","$80.65","$35,324",NA,NA,NA,NA,NA,NA,NA,NA,NA,NA,NA,NA
"SENIOR POLICE ADMINISTRATIVE AIDE","$1,324.87","$993,652","$1,463.07","$1,116,322","$1,644.69","$1,263,120","$2,129.52","$1,616,309","$2,118.63","$1,608,039","$2,272.01","$1,679,019","$2,211.70","$1,472,995"
"SERGEANT","$17,058.25","$63,473,742","$21,644.62","$79,002,853","$20,445.23","$73,807,276","$21,411.14","$78,792,979",NA,NA,NA,NA,NA,NA
"SERGEANT D/A SPECIAL ASSIGNMENT",NA,NA,NA,NA,"$31,539.35","$7,695,602","$33,554.03","$8,455,617",NA,NA,NA,NA,NA,NA
"SERGEANT D/A SUPERVISOR DETECTIVE SQUAD","$32,145.49","$10,511,576",NA,NA,"$37,743.22","$13,323,355",NA,NA,NA,NA,NA,NA,NA,NA
"SERGEANT-",NA,NA,NA,NA,NA,NA,NA,NA,"$19,763.68","$70,694,667","$20,015.92","$70,556,110","$23,563.34","$82,707,307"
"SERGEANT-D/A SPECIAL ASSIGNMENT",NA,NA,NA,NA,NA,NA,NA,NA,"$33,089.95","$8,140,127","$32,737.24","$8,217,047","$35,790.50","$8,983,416"
"SERGEANT-D/A SUPERVISOR DETECTIVE SQUAD",NA,NA,NA,NA,NA,NA,NA,NA,"$37,704.70","$13,008,120","$37,823.97","$11,838,904","$42,780.36","$13,818,057"
"SERGEANTD/A SPECIAL ASSIGNMENT","$26,439.45","$5,367,207","$31,434.96","$6,507,037",NA,NA,NA,NA,NA,NA,NA,NA,NA,NA
"SERGEANTD/A SUPERVISOR DETECTIVE SQUAD",NA,NA,"$36,252.58","$11,782,088",NA,NA,"$39,795.00","$13,848,660",NA,NA,NA,NA,NA,NA
"SPECIAL ASSISTANT",NA,NA,NA,NA,NA,NA,"$18.18","$3,853","$23.34","$4,972","$5.85","$1,387","$19.48","$4,130"
"SPECIAL OFFICER","$4,894.28","$2,158,379","$3,961.00","$1,921,083","$3,632.53","$2,412,002","$4,977.33","$3,867,383","$7,483.58","$6,084,151","$8,960.08","$6,316,859","$11,565.49","$7,355,650"
"STAFF ANALYST","$1,186.82","$556,619","$1,421.51","$599,879","$1,936.40","$807,478","$1,602.07","$660,053","$1,449.80","$649,511","$1,444.61","$661,631","$1,147.22","$602,290"
"STAFF NURSE","$2,147.19","$1,056,416","$3,042.43","$1,572,937","$4,263.43","$2,229,772","$5,928.99","$3,100,860","$6,118.76","$3,634,546","$7,160.27","$4,102,837","$6,009.16","$3,359,122"
"SUBSTANCE ABUSE PREVENTION & INTERVENTION SPECIALIST","$182.46","$41,417","$153.12","$33,380","$142.05","$36,791","$133.75","$33,838","$92.49","$22,197","$117.08","$27,864","$107.05","$24,301"
"SUPERVISING EMERGENCY MEDICAL SERVICE SPECIALIST","$16,256.29","$6,973,947","$18,210.04","$8,467,670","$20,811.51","$9,385,990","$22,823.56","$10,681,426","$22,242.42","$10,854,303","$26,854.88","$13,293,164","$26,093.00","$12,811,665"
"SUPERVISING SPECIAL OFFICER",NA,NA,NA,NA,"$9,965.59","$2,032,980",NA,NA,NA,NA,NA,NA,NA,NA
"SUPERVISOR","$20,194.97","$22,093,297","$21,867.09","$25,956,234","$17,450.88","$21,831,049","$19,363.45","$24,397,942","$21,497.39","$27,151,202","$21,192.16","$27,528,609","$25,163.85","$30,901,204"
"SUPERVISOR I","$1,298.59","$527,229","$1,356.43","$495,096","$1,226.11","$416,879","$1,954.05","$640,927","$2,642.24","$827,021","$2,771.36","$848,036","$2,171.83","$671,095"
"TEACHER","$0.00","$0","$0.00","$0","$0.00","$0","$0.00","$0","$0.00","$0","$0.00","$0","$0.00","$0"
"TEACHER ASSIGNED A","$0.00","$0","$0.00","$0","$0.00","$0","$0.00","$0","$0.00","$0","$0.00","$0","$0.00","$0"
"TEACHER ATTENDANCE","$0.00","$0","$0.00","$0","$0.00","$0","$0.00","$0","$0.00","$0","$0.00","$0","$0.00","$0"
"TEACHER SPECIAL EDUCATION","$0.00","$0","$0.00","$0","$0.00","$0","$0.00","$0","$0.00","$0","$0.00","$0","$0.00","$0"
"TEACHER SPECIAL EDUCATION-REG SUB",NA,NA,NA,NA,"$0.00","$0","$0.00","$0","$0.00","$0","$0.00","$0","$0.00","$0"
"TEACHER-REG SUB",NA,NA,"$0.00","$0","$0.00","$0","$0.00","$0","$0.00","$0","$0.00","$0","$0.00","$0"
"TRAFFIC DEVICE MAINTAINER","$12,887.24","$2,628,997",NA,NA,NA,NA,NA,NA,NA,NA,NA,NA,NA,NA
"TRAFFIC ENFORC AGENT","$14,076.17","$3,420,508","$14,575.31","$3,381,471","$17,790.74","$4,234,195","$17,533.90","$4,032,796",NA,NA,NA,NA,NA,NA
"TRAFFIC ENFORC AGENT-L 3 & 4 ONLY",NA,NA,NA,NA,NA,NA,NA,NA,"$17,643.30","$4,093,246","$14,090.99","$3,114,109",NA,NA
"TRAFFIC ENFORCEMENT AGENT","$7,422.01","$12,164,678","$8,733.73","$14,515,462","$11,109.54","$17,741,942","$10,918.93","$17,983,477",NA,NA,NA,NA,"$9,302.87","$17,768,490"
"TRAFFIC ENFORCEMENT AGENT AL 1 & 2 ONLY",NA,NA,NA,NA,NA,NA,NA,NA,"$11,177.48","$18,822,877","$10,314.90","$17,009,272",NA,NA
"URBAN PARK RANGER",NA,NA,NA,NA,NA,NA,NA,NA,NA,NA,NA,NA,"$2,767.30","$650,315"
"WATERSHED MAINTAINER","$2,555.26","$544,270","$2,761.92","$585,526","$3,840.09","$794,898",NA,NA,NA,NA,NA,NA,NA,NA
"YOUTH DEVELOPMENT SPECIALIST",NA,NA,NA,NA,NA,NA,NA,NA,NA,NA,"$5,878.06","$2,139,614","$7,876.06","$2,803,877"
